[
  {
    "name": "AboriginalSansREGULAR.ttf",
    "download_url": "https://github.com/appglut/mpdf-fonts/raw/main/AboriginalSansREGULAR.ttf"
  },
  {
    "name": "Abyssinica_SIL.ttf",
    "download_url": "https://github.com/appglut/mpdf-fonts/raw/main/Abyssinica_SIL.ttf"
  },
  {
    "name": "Aegean.otf",
    "download_url": "https://github.com/appglut/mpdf-fonts/raw/main/Aegean.otf"
  },
  {
    "name": "Aegyptus.otf",
    "download_url": "https://github.com/appglut/mpdf-fonts/raw/main/Aegyptus.otf"
  },
  {
    "name": "Akkadian.otf",
    "download_url": "https://github.com/appglut/mpdf-fonts/raw/main/Akkadian.otf"
  },
  {
    "name": "DBSILBR.ttf",
    "download_url": "https://github.com/appglut/mpdf-fonts/raw/main/DBSILBR.ttf"
  },
  {
    "name": "DejaVuSans-Bold.ttf",
    "download_url": "https://github.com/appglut/mpdf-fonts/raw/main/DejaVuSans-Bold.ttf"
  },
  {
    "name": "DejaVuSans-BoldOblique.ttf",
    "download_url": "https://github.com/appglut/mpdf-fonts/raw/main/DejaVuSans-BoldOblique.ttf"
  },
  {
    "name": "DejaVuSans-Oblique.ttf",
    "download_url": "https://github.com/appglut/mpdf-fonts/raw/main/DejaVuSans-Oblique.ttf"
  },
  {
    "name": "DejaVuSans.ttf",
    "download_url": "https://github.com/appglut/mpdf-fonts/raw/main/DejaVuSans.ttf"
  },
  {
    "name": "DejaVuSansCondensed-Bold.ttf",
    "download_url": "https://github.com/appglut/mpdf-fonts/raw/main/DejaVuSansCondensed-Bold.ttf"
  },
  {
    "name": "DejaVuSansCondensed-BoldOblique.ttf",
    "download_url": "https://github.com/appglut/mpdf-fonts/raw/main/DejaVuSansCondensed-BoldOblique.ttf"
  },
  {
    "name": "DejaVuSansCondensed-Oblique.ttf",
    "download_url": "https://github.com/appglut/mpdf-fonts/raw/main/DejaVuSansCondensed-Oblique.ttf"
  },
  {
    "name": "DejaVuSansCondensed.ttf",
    "download_url": "https://github.com/appglut/mpdf-fonts/raw/main/DejaVuSansCondensed.ttf"
  },
  {
    "name": "DejaVuSansMono-Bold.ttf",
    "download_url": "https://github.com/appglut/mpdf-fonts/raw/main/DejaVuSansMono-Bold.ttf"
  },
  {
    "name": "DejaVuSansMono-BoldOblique.ttf",
    "download_url": "https://github.com/appglut/mpdf-fonts/raw/main/DejaVuSansMono-BoldOblique.ttf"
  },
  {
    "name": "DejaVuSansMono-Oblique.ttf",
    "download_url": "https://github.com/appglut/mpdf-fonts/raw/main/DejaVuSansMono-Oblique.ttf"
  },
  {
    "name": "DejaVuSansMono.ttf",
    "download_url": "https://github.com/appglut/mpdf-fonts/raw/main/DejaVuSansMono.ttf"
  },
  {
    "name": "DejaVuSerif-Bold.ttf",
    "download_url": "https://github.com/appglut/mpdf-fonts/raw/main/DejaVuSerif-Bold.ttf"
  },
  {
    "name": "DejaVuSerif-BoldItalic.ttf",
    "download_url": "https://github.com/appglut/mpdf-fonts/raw/main/DejaVuSerif-BoldItalic.ttf"
  },
  {
    "name": "DejaVuSerif-Italic.ttf",
    "download_url": "https://github.com/appglut/mpdf-fonts/raw/main/DejaVuSerif-Italic.ttf"
  },
  {
    "name": "DejaVuSerif.ttf",
    "download_url": "https://github.com/appglut/mpdf-fonts/raw/main/DejaVuSerif.ttf"
  },
  {
    "name": "DejaVuSerifCondensed-Bold.ttf",
    "download_url": "https://github.com/appglut/mpdf-fonts/raw/main/DejaVuSerifCondensed-Bold.ttf"
  },
  {
    "name": "DejaVuSerifCondensed-BoldItalic.ttf",
    "download_url": "https://github.com/appglut/mpdf-fonts/raw/main/DejaVuSerifCondensed-BoldItalic.ttf"
  },
  {
    "name": "DejaVuSerifCondensed-Italic.ttf",
    "download_url": "https://github.com/appglut/mpdf-fonts/raw/main/DejaVuSerifCondensed-Italic.ttf"
  },
  {
    "name": "DejaVuSerifCondensed.ttf",
    "download_url": "https://github.com/appglut/mpdf-fonts/raw/main/DejaVuSerifCondensed.ttf"
  },
  {
    "name": "Dhyana-Bold.ttf",
    "download_url": "https://github.com/appglut/mpdf-fonts/raw/main/Dhyana-Bold.ttf"
  },
  {
    "name": "Dhyana-Regular.ttf",
    "download_url": "https://github.com/appglut/mpdf-fonts/raw/main/Dhyana-Regular.ttf"
  },
  {
    "name": "FreeMono.ttf",
    "download_url": "https://github.com/appglut/mpdf-fonts/raw/main/FreeMono.ttf"
  },
  {
    "name": "FreeMonoBold.ttf",
    "download_url": "https://github.com/appglut/mpdf-fonts/raw/main/FreeMonoBold.ttf"
  },
  {
    "name": "FreeMonoBoldOblique.ttf",
    "download_url": "https://github.com/appglut/mpdf-fonts/raw/main/FreeMonoBoldOblique.ttf"
  },
  {
    "name": "FreeMonoOblique.ttf",
    "download_url": "https://github.com/appglut/mpdf-fonts/raw/main/FreeMonoOblique.ttf"
  },
  {
    "name": "FreeSans.ttf",
    "download_url": "https://github.com/appglut/mpdf-fonts/raw/main/FreeSans.ttf"
  },
  {
    "name": "FreeSansBold.ttf",
    "download_url": "https://github.com/appglut/mpdf-fonts/raw/main/FreeSansBold.ttf"
  },
  {
    "name": "FreeSansBoldOblique.ttf",
    "download_url": "https://github.com/appglut/mpdf-fonts/raw/main/FreeSansBoldOblique.ttf"
  },
  {
    "name": "FreeSansOblique.ttf",
    "download_url": "https://github.com/appglut/mpdf-fonts/raw/main/FreeSansOblique.ttf"
  },
  {
    "name": "FreeSerif.ttf",
    "download_url": "https://github.com/appglut/mpdf-fonts/raw/main/FreeSerif.ttf"
  },
  {
    "name": "FreeSerifBold.ttf",
    "download_url": "https://github.com/appglut/mpdf-fonts/raw/main/FreeSerifBold.ttf"
  },
  {
    "name": "FreeSerifBoldItalic.ttf",
    "download_url": "https://github.com/appglut/mpdf-fonts/raw/main/FreeSerifBoldItalic.ttf"
  },
  {
    "name": "FreeSerifItalic.ttf",
    "download_url": "https://github.com/appglut/mpdf-fonts/raw/main/FreeSerifItalic.ttf"
  },
  {
    "name": "Garuda-Bold.ttf",
    "download_url": "https://github.com/appglut/mpdf-fonts/raw/main/Garuda-Bold.ttf"
  },
  {
    "name": "Garuda-BoldOblique.ttf",
    "download_url": "https://github.com/appglut/mpdf-fonts/raw/main/Garuda-BoldOblique.ttf"
  },
  {
    "name": "Garuda-Oblique.ttf",
    "download_url": "https://github.com/appglut/mpdf-fonts/raw/main/Garuda-Oblique.ttf"
  },
  {
    "name": "Garuda.ttf",
    "download_url": "https://github.com/appglut/mpdf-fonts/raw/main/Garuda.ttf"
  },
  {
    "name": "Jomolhari.ttf",
    "download_url": "https://github.com/appglut/mpdf-fonts/raw/main/Jomolhari.ttf"
  },
  {
    "name": "KhmerOS.ttf",
    "download_url": "https://github.com/appglut/mpdf-fonts/raw/main/KhmerOS.ttf"
  },
  {
    "name": "LateefRegOT.ttf",
    "download_url": "https://github.com/appglut/mpdf-fonts/raw/main/LateefRegOT.ttf"
  },
  {
    "name": "Lohit-Kannada.ttf",
    "download_url": "https://github.com/appglut/mpdf-fonts/raw/main/Lohit-Kannada.ttf"
  },
  {
    "name": "Padauk-book.ttf",
    "download_url": "https://github.com/appglut/mpdf-fonts/raw/main/Padauk-book.ttf"
  },
  {
    "name": "Pothana2000.ttf",
    "download_url": "https://github.com/appglut/mpdf-fonts/raw/main/Pothana2000.ttf"
  },
  {
    "name": "Quivira.otf",
    "download_url": "https://github.com/appglut/mpdf-fonts/raw/main/Quivira.otf"
  },
  {
    "name": "Sun-ExtA.ttf",
    "download_url": "https://github.com/appglut/mpdf-fonts/raw/main/Sun-ExtA.ttf"
  },
  {
    "name": "Sun-ExtB.ttf",
    "download_url": "https://github.com/appglut/mpdf-fonts/raw/main/Sun-ExtB.ttf"
  },
  {
    "name": "SundaneseUnicode-1.0.5.ttf",
    "download_url": "https://github.com/appglut/mpdf-fonts/raw/main/SundaneseUnicode-1.0.5.ttf"
  },
  {
    "name": "SyrCOMEdessa.otf",
    "download_url": "https://github.com/appglut/mpdf-fonts/raw/main/SyrCOMEdessa.otf"
  },
  {
    "name": "TaameyDavidCLM-Medium.ttf",
    "download_url": "https://github.com/appglut/mpdf-fonts/raw/main/TaameyDavidCLM-Medium.ttf"
  },
  {
    "name": "TaiHeritagePro.ttf",
    "download_url": "https://github.com/appglut/mpdf-fonts/raw/main/TaiHeritagePro.ttf"
  },
  {
    "name": "Tharlon-Regular.ttf",
    "download_url": "https://github.com/appglut/mpdf-fonts/raw/main/Tharlon-Regular.ttf"
  },
  {
    "name": "UnBatang_0613.ttf",
    "download_url": "https://github.com/appglut/mpdf-fonts/raw/main/UnBatang_0613.ttf"
  },
  {
    "name": "Uthman.otf",
    "download_url": "https://github.com/appglut/mpdf-fonts/raw/main/Uthman.otf"
  },
  {
    "name": "XB Riyaz.ttf",
    "download_url": "https://github.com/appglut/mpdf-fonts/raw/main/XB%20Riyaz.ttf"
  },
  {
    "name": "XB RiyazBd.ttf",
    "download_url": "https://github.com/appglut/mpdf-fonts/raw/main/XB%20RiyazBd.ttf"
  },
  {
    "name": "XB RiyazBdIt.ttf",
    "download_url": "https://github.com/appglut/mpdf-fonts/raw/main/XB%20RiyazBdIt.ttf"
  },
  {
    "name": "XB RiyazIt.ttf",
    "download_url": "https://github.com/appglut/mpdf-fonts/raw/main/XB%20RiyazIt.ttf"
  },
  {
    "name": "ZawgyiOne.ttf",
    "download_url": "https://github.com/appglut/mpdf-fonts/raw/main/ZawgyiOne.ttf"
  },
  {
    "name": "ayar.ttf",
    "download_url": "https://github.com/appglut/mpdf-fonts/raw/main/ayar.ttf"
  },
  {
    "name": "damase_v.2.ttf",
    "download_url": "https://github.com/appglut/mpdf-fonts/raw/main/damase_v.2.ttf"
  },
  {
    "name": "kaputaunicode.ttf",
    "download_url": "https://github.com/appglut/mpdf-fonts/raw/main/kaputaunicode.ttf"
  },
  {
    "name": "lannaalif-v1-03.ttf",
    "download_url": "https://github.com/appglut/mpdf-fonts/raw/main/lannaalif-v1-03.ttf"
  },
  {
    "name": "ocrb10.ttf",
    "download_url": "https://github.com/appglut/mpdf-fonts/raw/main/ocrb10.ttf"
  }
]